BINTANG,ULASAN,NILAI
4,"Game nya bagus dan sudah mantap.... Kenapa saya ngk bisa"" ganti livery dan ketika mau load map harus terhenti di iklan, sesudah iklan ngk masuk"" ke gameplay lagi, dan pas mau main bareng temen ,kenapa ngk bisa masuk lod map selanjutnya,udh itu aja keluhan saya, untuk pengupdatean selanjutnya mohon di tingkatkan lagi, kurangin bug bug yg lain nya karna meresahkan banget, terimakasih maleo....",POSITIF
3,"Ini game udah sangat bagus, tapi saya punya harapan untuk bussid. Saya ingin grafiknya lebih detail, grafik kendaraan dan bangunan disekitarnya dan saya ingin kendaraan mod bisa dipakai untuk main bareng, jika harapan saya terlalu berat, maka saya sarankan untuk mengembangkan bussid khusus PC karena PC penyimpanannya sangat besar. O ya sama iklannya jangan terlalu banyak dan berlebihan agar tidak terjadi ngelack,ngebug,dan ngecrash.",NEGATIF
4,"Tolong di perbaiki masalah bug nya lagi terkadang pada saat lagi mode narik trus tiba tiba suara hilang sendiri, pas juga lagi menyetel musik nya',. Selebihnya dah bagus cuma diperbaiki masalah bug tersebut .yang kadang suara hilang begitu aja',..",POSITIF
5,"Ini permainannya bagus, tapi Iklannya sangat mengganggu sekali. Saat saya lagi main mode mabar, ngelayap, narik, sering Keluar sendiri tanpa alasan apa-apa.tolong permainan nya di perbaiki dan kurangi iklannya dan kurangi bug nya(keluar sendiri dari permainan tanpa alasan). Tolong di update secepatnya tim maleo. Sekian terimakasih",POSITIF
3,"Sekedar masukan untuk developer. Coba untuk pemilihan rute map mode AKAP, bisa langsung di pilih rutenya tanpa harus kembali ke garasi/loby. Dan tambahkan juga terminal kotaÂ² yg ada di pulau jawa. Dan untuk mode mabar. Ini sering terjadi macet saat loading. Padahal koneksi jaringan dan hp mumpuni. Lalu untuk jalan TOL. Coba di buat berbeda dan sedikit agak panjang. Karna setiap keluar atau masuk ke kota berikutnya itu terlihat sama dari bentuk jalanannya. Masih banyak masukan sih sebenernya.",NEGATIF
4,"Game nya menurut gw udh keren dan mantap, tpi banyak bug yg belom di benerin kek contohnya bug Layar hitam setelah nonton iklan (ads), keluar sendiri setelah nonton iklan (ads), dan yg terakhir server maleo yg kadangÂ² error sendiri. Jadi Tolong Dev untuk segera diperbaiki bug ny dan klo udh entar gw ksih bintang 5 ğŸ˜ğŸ‘.",POSITIF
3,"Game nya bgus bnget.tapi semenjak di masukkan iklan saya merasa sangat terganggu,karna saat kita main,saat loding map kita harus nonton iklan dulu baru bisa main lagi,di situ lah sya merasa sangat terganggu dari suka pada game ini akan berubah menjadi tidak suka garaÂ² ada iklan,,jadi bagi admin bisa gak untuk di hilangkan iklan,iklan itu termasuk memaksa seseorang untuk harus mnonton nya,,permintaan saya tolong iklannya di hapus,",NEGATIF
1,"Hallo untuk game ini saya kasih bintang 1! Dikarenakan ada bug yang sangat-sangat mengangu yaitu ketika di garasi mau ganti kendaraan itu nanti kendaraannya hilang lalu pas nyoba main mode ngelayap GAK BISA! ada tulisan New teks dan ketika keluar dari game kendaraan masih dalam kondisi hilang,,,, tolong untuk bug ini agar segera di perbaiki",NEGATIF
3,"Untuk sementara bintang 3 dlu. Tolong depelover nya perbaiki lagunya. Soalnya lagu nya kan ada 9, terus saya menambah kan 3 lagu lagi, terus yang 3 lagu itu waktu saya coba gk ada suara tapi gameplay nya udh mantap. Sekian, terima kasih",NEGATIF
3,"Saya kasih bintang 3 dulu ya, game nya sudah bagus lalu untuk grafik juga sudah keren, tetapi saat saya mau pasang livery pada saat klik file manager tidak terjadi apa-apa malahan bug. Jadi kesan saya terhadap tim Maleo segera bug tersebut diperbaiki",NEGATIF
4,"Game nya bagus,, cuma yang saya sayang kan hanya kalau main mode online habis iklan muncul seperti loading map atau pun kalau mengisi bahan bakar secara gratis, setelah iklan ketika mau main lagi animasi nya berubah menjadi hitam semua,, tolong admin di perbaiki lagi supaya lebih nyaman lagi bermainnya..",POSITIF
3,"Gamenya bagus dengan grafis yang memanjakan mata akan tetapi, mengapa terjadi bug pada loading screen dimana loading nya tidak ngestuck, dan pada saat mengambil hasil setelah mengantar penumpang sering sering gagal menerima bayaran. Mohon di tindak lanjuti masalah itu",NEGATIF
3,"Di hp saya Android 11 ada bug dimana pemutar musik tidak mengeluarkan suara padahal lagu sdh di play, suara klakson telolet yg kita ganti sendiri kdg bs bersuara kdg tidak, ganti livery mod kendaraan agak sulit, harus diulang-ulang br bisa. Semoga di versi baru bs diatasi bug2 ini",NEGATIF
4,"Hallo admin saya ingin melaporkan ada beberapa bug digame trutama bug di jalanan, yakni mobil yang saling bertabrakan, motor yang melayang, dan juga tolong dijauhin tiang listrik dari pinggir jalan itu sangat menggangu, dari saya main THN 2019 sampai skrg tiang listrik gak berubah posisi, untuk grafik l, animasi hujan, efek aspal basah dan bergelombang sudah lebih dari cukup, update selanjutnya lebih di rapikan lgi bagian lalulintas terlalu semerawut, peforma game juga, sekian terima good gameğŸ‘",POSITIF
5,"Untuk developer maleo, saya suka dengan gamenya, untuk segi grafis udah realistis, kalian wajib dwonload game bus simulator Indonesia, kalo kekurangan cuma satu, tidak ada orang di pinggir jalan, cuma itu sih kekurangannya, semoga bussid makin bagus lagi kedepan nya, sukses selalu maleo.",POSITIF
5,"Game nya bagus dan juga banyak mapÂ² di Indonesia,tolong diupdate maleo map baru dan juga mode baru soal grafik mungkin bisa di tingkatkan lagi, walaupun player nya ada yang pakai hp kentang mungkin bisa pakai grafik yang low aja, yang penting bisa main dan bisa melihat isi game BUS SIMULATOR INDONESIA",POSITIF
5,"Halo semua aku mau bilang game ini sangat bagus, dan aku lihat lihat banyak yang bilang game ini banyak bug, iklan, Ya iya lah bro setiap mau main narik harus pakai internet, aku aja hp ram 2 gak ada bug, iklan ya maklum lah, loading cepat, yang blng ada bug, loading lama coba tengok penyimpanan nya ya sekian terima kasih.",POSITIF
5,Menurut saya perlu adanya fitur rekam berkendara.. yang jika kita ingin memutar hasil rekamannya tampilan seperti highlight sehingga kita bisa menikmati hasil perjalanan yang sudah ingin kita rekam.. jadi hasilnya kaya nonton highlight.. tapi versinya kita..,POSITIF
5,"Gamenya bagus,keren,dan salah satu rekomendasi game terbaik Indonesia. Bisa online,juga bisa offline. Pecinta game harusnya instal game ini. Saya harap,pengembang dapat meningkatkan detal kendaraan seperti kerusakan kendaraan akibat benturan,rusaknya fasilitas akibat tertabrak atau lainnya,tambahkan bangunan/bengel perbaikan mobil agar kendaraan penyok atau lainnya bisa memperbaikinya disana. Selebihnya semoga lebih maju lagi,lebih keren lagi.",POSITIF
5,Game bagus... Tapi livery grafik bus di ganti ada suara adzan nya ada orang di pinggir jalan sama grafiknya kaya gitu terus semoga grafiknya di ganti... Trus kalo saya lagi berhenti di pinggir jalan grafiknya gamau maju.. Dan semoga ada tambahan kota purwokerto dan bandung amin semangat maleo aku suka maleo,POSITIF
4,"Game bussid ini sudah bagus, Tolong untuk update selanjutnya di update 1.Map di perluas dan di tambah seperti (Aceh,Bengkulu,Banyuwangi,Bekasi,Kediri,Trenggalek,dll) 2.Di tambah jalan (berlubang,genangan air,berlumpur) 3.Aksesoris di tambah seperti (lampu kolong,lampu kabin,running teks,dll) 4.Tempat umum (pasar,trotoar,masjid,dll) di buat ramai orang 5.Di tambah stasiun 6.Di tambah mode AKAP dan PARIWISATA 7.Jarak antar penumpang berjauhan 8.Grafik terus di perbaiki. Sekian maaf jika ada salah.",POSITIF
4,"Saya pengguna Vivo Y12, Android 11, kenapa sekarang ketika saya ingin memasang mod, sering terjadi bug? Dan akhirnya ngecrash. Padahal saat sebelum update semuanya lancar lancar aja gaada bug sama sekali.. semoga bisa di perbaiki lagi bug'nya min.",POSITIF
5,"Game nya sangat bagus, grafik nya juga bagus. Ada yang kurang untuk Grafik nya tolong di perbaiki lagi saya ingin BUSSID ini seperti di Dunia nyata. Untuk grafik nya yaitu, langit/awan,pohon,rumah/toko, dll. Tolong di Ubdate lagi ya. Sya suka dg Game ini.ğŸ™ğŸ™ğŸ˜€ğŸ˜€",POSITIF
3,"Gameplay sudah menarik , untuk peningkatan visualnya juga sangat bagus. Namun saya menyarankan untuk mengupdate penumpang nya agar lebih bervariasi, juga tambahkan ad block iklan, karena iklannya benar-benar sangat mengganggu, atau jika ingin ada iklan tambahkan jika menggandakan uang , atau setiap masuk/keluar dari gameplay(ngalayap, narik, multiplayer)",NEGATIF
2,"Bug motor sama kendaraan yg mendahului sangat meresahkan, sama kecepatan busnya masih kurang realistis,masa kecepatan 80 km/j ,kayak lari 40 km/j, disesuaikan lagilah. Kalo habis nonton iklan, langsung crash dan fps nya nggak stabil. Kamera untuk bus bisemania yg lantai 2, jelek banget, remnya tambahin lagilah kurang pakem, ongkos penumpang nya juga masa 2000 perorang, realistis lah mana ada ongkos 2000 antar provinsi,lucu.sama jalan yang jelek trus berlobang, tambahin ya, nanti didownload lagi.",NEGATIF
4,"Game sudah sangat bagus dan hebat tapi ada kekuranganya yaitu banyak iklan dan tidak bisa masuk jalan ekstrim tolong ya maleo di updated lagi agar bisa masuk ke jalan ekstrim dan di kurangi iklannya serta di updated kendaraan, bangunan, trafic dan pejalan kaki. Terima kasih maleo sudah membuat bangga indo karena telah membuat game bus yang sangat hebat dan kerenğŸ˜ğŸ‘",POSITIF
5,"Gamenya udah bagus, realistis juga untuk grafiknya. Kalo bisa tambahkan lampu interior bus dan bisa costum warna atau gaya lampu interior bus biar terlihat lebih bagus dan bergaya saat mabar di server. Diusahakan saja bisa ditambahkan agar terlihat detail seperti busÂ² pada umunya.",POSITIF
5,"Game nya bagus dari dri segi graphic bus, gameplay menarik. Cuma untuk jaringan minus, padahal saya pke indihome, minus bayar tol kadang koneksi gak stabil, sehabis nonton iklan muter nya luarbiasa lama, padahal koneksi stabil saya tes yg lain. Itu aja sih minus nya jadi bikin kurang nyaman saat bermain.",POSITIF
5,"Terima kasih Developer Maleo telah meriliskan game yang realistis sekali. Bagi saya game BUSSID ini sangatlah di rekomendasi, karena dari segi grafiknya udah real sekali dan dari segi kontrolnya juga nyaman karena sudah diberi pembatas kecepatan (Transmisi). Tapi menurut saya ada yang kurang, kalau lihat trafficnya itu pas ketabrak malah kayak mogok gitu terus jadi macet. Jadi saya minta di tingkatkan lagi game nya yg lebih real lagi ya, itu dulu infonya dan thanksğŸ™ğŸ‘ğŸ‘ğŸ‘",POSITIF
2,"Untuk gameplaynya udah bagus, tapi kalo main online terlalu banyak iklan mulai dari loading gameplay, loading map, sama waktu mau kembali lagi ke menu awal setelah nyampe terminal iklan selalu muncul,terus waktu selesai loading map tiba tiba pindah tempat ğŸ˜‚ yg merurut saya itu menjadi kurang nyaman waktu main.saya harap sih kedepannya pas loading map bisa lebih lancar lagi nggak pindah tempat,mungkin bisa ada pertigaan/perempatan pas selesai loading map.jadi kayak nyata. Nggak langsung pindah..",NEGATIF
4,"Game nya sudah terbilang bagus, tapi tolong diperbaiki untuk masalah stuck loading map setelah iklan, padahal penyimpanan masih banyak, dan perbaiki iklan bonus pendapatan setelah narik, karena sering terjadi bug iklan tidak mau jalan dan harus mengulang lagi dari awal narik.",POSITIF
5,"Gameplay sudah bagus. Akan lebih baik jika grafik lebih realistis serta rute diperbanyak sesuai jalur di dunia nyata (gang, perumahan, beberapa terminal per kabupaten, bandara + lalin udara, tilang di tempat tertentu, warga berjalan dan berinteraksi (tidak hanya penumpang), aktivitas di tempat tertentu (wisata/bangunan terkenal) dan sebagainya. Saya paham akan masukan ini dapat membuat ukuran game jadi bertambah, namun tak apa demi kemajuan game BUSSID. Terimakasih. â¤ï¸â¤ï¸â¤ï¸",POSITIF
5,"Saran buat tim maleo, tolong kalo mabar trafiknya jangan dihilangkan, biar lebih seru. Sukses terus buat tim Maleo. Tambahan: untuk frame rate nya bisa ditingkatkan lagi jadi 6o fps atau setel manual lewat pengaturan mau 30/60 fps, mengingat hp jaman sekarang rataÂ² sudah 90 fps.",POSITIF
4,"Gamenya sangat bagus, saya juga udh main ini dari lama banget dan kadang saya suka main dengan teman teman saya. tapi cuma 1 hal yang bikin saya kecewa yaitu bug yang terjadi di ad/iklan. Ketika pengen nyeper atau narik, iklannya ga muncul dan malah mengulang kembali gamenya. saya udh nyoba berulang kali dan hasilnya tetep aja. saya udh uninstall dan install lagi game ini dan ga ada perubahan. Tolong untung developer di fix bugnya karena sangat meresahkan sekali, dan saya ga bisa mendapatkan uang kalo ga narik atau nyeper. itu saja",POSITIF
5,"Untuk gamenya udah bagus, perlu beberapa pengembangan seperti, menghilangkan iklan ketika berpindah provinsi karena terkadang ada yang ngebug dan terkadsng keluar dari permainan kan sedih tuh jadinya, terus kalau bisa map bali di buka yah, dan kalau bisa penumpang di jalanan di kurangi, kalau bisa di buat seperti bus malam jadi narik langsung dari stasiun, kalau bisa ditambahin lagi beberapa fitur seperti cruise control dll pasti bakalan lebih seru",POSITIF
5,"Gamenya bagus sudah dari dulu saya masih game ini ,tapi nanti saat update tolong tambahkan keramaian lalu lintas contoh -pejalan kaki -pedagang(untuk saat ini memang ada pedagang tapi tidak ada orangnya ,hanya barang dagangannya saja) Untuk yg lain sudah ok ,dan tolong kalau update untuk grafik lebih di maksimalkan dikit supaya bisa betah mainnya dan kalau narik tolong uang nya lebih di banyakin lagi supaya bisa enak buat modif busnya Mungkin segitu saja untuk ulasan dari saya ,semoga di baca",POSITIF
5,"Semua fitur udah bagus, grafik, penggerakan suspensi,smua sudah bagus, tapi ada yg tertinggal yaitu setting control,karna menurut saya posisi tombol kurang nyaman,contohnya seperti tombol pedal gas dan rem yg tarlalu pojok,dan posisi tombol sein kiri kanan tidak sesusai tempat karna posisi jempol kiri prioritas nya adalah memegang kendali setir,katika ingin menghidupkan sein kami berusaha untuk tidak melepas kendali setir untuk menghindari bahaya..tapi itu sangat sulit, sekian.terima kasih",POSITIF
3,"update v3.7 lama sekali, kekurangan bussid untuk saat ini kadangÂ² iklan di loading map hanya keluar suara tapi layar hitam, stuck loading map, setelah iklan tidak bisa masuk gameplay. semoga nanti update 3.7 bisa menyelesaikan masalah masalah yg saya alami",NEGATIF
4,"Gamenya bagus,buat main santai sangat cocok,sambil musikan makin cocok,tapi ada satu hal yang sangat sangat membuat saya tidak nyaman saat main,yaitu terkadang setelah adanya iklan mobil jadi menghitam terkadang penumpang,halte bus,map,dan bahkan hujannya jadi hitam menutupi layar,tolong ini segera diperbaiki,bug ini sangat mengganggu soalnya",POSITIF
4,"Min mau sedikit pendapat & saran saja ya, buatku semua grafik jalan & game sudah oke keren bgt, Seperti request kota jogja juga sudah ada, hanya saran saja untuk nambah minat pemain, ""Penumpang"" didalam bus dibuat kelihatan, terutama pas lg jalan camera 1 & 3, dan dibuatkan ada ""Kondekturnya"", minim, ketika Naik turun penumpang, ""maaf"" seperti apk sebelah, biar terlihat lebih realistik lagi, saya berharap banget di pembaruan selanjutnya ya, dan saya yakin lebih banyak lagi yang tertarik deh...",POSITIF
4,"Untuk sistem penumpang lebih baik semuanya naik dari terminal, ga ada lagi naikin penumpang di pinggir jalan karna menggangu, dan sistem model busnya bisa beli lebih dari 1, contoh model XHD bisa di beli lebih dari 2x agar tidak perlu ganti2 livery skin lagi, dan tambahin map tol trans jawa dan jalur bandung nagreg makasi.",POSITIF
4,"bisa ga tambah map lagi,...tambah map untuk di bali,..klo bisa akan di kasi bintang 5,..ini game nya sangat bagus tpi kurang map bali, dan klakson mobil perlu di perbarui agar lebih nyata.,. Dan TAMBAH MAPS LAGI YANG LEBIH EXTRIME",POSITIF
5,"Untuk semua player bussid mohon pengertian ya. Sebenarnya maleo itu memberi iklan karena maleo butuh uang. Bikin game itu susah, memerlukan bnyk biaya. Jadi maklumlah setiap loading map ada iklan. Kalau nggak mau iklan ya matikan wifinya. Kalau maleo memberikan game ini dlm keadaan berbayar mungkin kalian malah nggak mau download karena membayar. Maleo itu sdh memberi keringanan sebenarnya, tapi kalian malah protes. Walaupun saya juga mengalami banyak bug, tapi saya menghargai karya orang lain..",POSITIF
4,"Gamenya bagus banget sih. Tapi ada kekurangan. Tolong di-update versi 3.7 Penambahan kota baru yang banyak, No ads di loading map biar tidak menggangu iklan, grafik baru, penambahan bus terbaru, penambahan sopir terbaru, penambahan aksesoris, dan kejar penumpang Mabar BUSSID Tolong di-update Ya, kalau SDH di-update saya kasih bintang 5. Kali ini saya kasih bintang 4 dulu. Makasih",POSITIF
3,"Kenapa sih kalau selalu nyeper iklannya gak bisa di putar, dan juga detailnya ditambahkan, pembaruan kota kota seperti semarang, dan juga tambahkan kota kota lain. Katanya bus simulator Indonesia kok cuma di Jawa dan Sumatra, dan juga tambahkan pulau pulau baru, dan juga bis bis baru karena sudah bosan bis nya cuma itu itu aja jadi tolong maleo plisss tambahkan bis bis baru, penumpang yang gak ilang kalo masuk bis, ukuran kendaraannya di benerin, masak ukuran pick up dengan motor sama anjir, dah",NEGATIF
3,"Enggak ada Di AppStore. Bug bnyak... Setting view driver tolong di buat lebih lengkap mirip Bus simulator ultimate yang bisa atur kanan, kiri, atas, bawah, maju, mundur... Model dasbor boring... Grafik jadul. Lebih di tingkatan lagi... Iklan over cukup seperlunya munculin iklan...",NEGATIF
4,"Game ini sangat bagus .tetapi update lagi dong contoh: 1.kecepatan trafik kita yang atur,2.supir nya bisa ketempat penumpang 3. tidak ada loading map 4. Kalau nabrak bus nya rusak 5.pulau lain juga dikasih map dong contoh: Kalimantan,Papua, Sulawesi",POSITIF
5,"dari grafik bagus cuma perbanyakin mapnya aja kayak samarinda,maluku,medan,aceh,bandung dll,kalo penumpangnya tolong taro diterminal aja kalo dijalanan susah harus stop apa lagi kalo lagi ngebut masih banyak bug sih kayak pas aku mau pasang livery bus kok gak bisa padahal udah aku coba terus tetep gak bisa udah itu aja semoga dibaca oleh devnya:)",POSITIF
3,"Maleo tolong update lagi dong gamenay ini kurang seru tolong perbaiki seperti beneran, mabarnya kurang seru gak ada kendaraan lain tolong diperbaiki tolon ditambah kendaraan ya jangan ituÂ² aja, kotanya rumah nya juga kurang banyakkurang bagus, lalu map nya juga kurang banyak tolong di-update lagi ya gituaja kak. Oke terimakasih maleo",NEGATIF
5,"Gamenya bagus banget ada yanv kurang yaitu tidak ada pejalan kaki,rem nya kurang pakem karena saya waktu kecepatan tinggi ada penumpang ya aku gak bisa rem biasa harus pake rem tangan sama rem biasa itu juga jauhnya 4 km,tolong juga iklannya di tambahin kaya ""hidup itu menyenangkan"" terus ""terjadi kecelakaan beruntun di mana lah"" dan juga ada satu yaitu pemotor yang lewat sitinjau lauk selalu miring jadi pake lampu tanda peringatan itu saja saran saya tetapi gamenya bagus banget",POSITIF
5,"Untuk grafis ditingkatkan lagi, untuk pepohonan dibuat lebih bagus lagi. Tambahkan jenis kendaraan lagi, tambahkan juga jenis bus-nya (BUS MINI). Saat penumpang sudah masuk bus jangan hilang. Kasih orang jalan dipinggir jalan atau menyebrang jalan. Pasar, toko dan tempat umum dibuat ramai ada penjual dan pembeli (orang).",POSITIF
4,"Game ini udah okey dari grafik kendaraan lumayan lah tapi lebih bagus di tingkatkan, di mulai dari grafik kendaraan suasana sekitar perjalanan dan rumah, rukoÂ² yang terpampang. Dan yang lebih utama map, coba deh map indonesia nya itu kumplit ini mah Garut Bandung gak ada? Apa Developernya punya problem sama orang Garut Bandung?? Sampe gak di bawa di game ini ??",POSITIF
5,"mantapp, sudah ditambah kota di jawa. grafik oke cuma kurang sound effect nya aja sih menurut saya. kaya kamera mode dalam sopir ga enak aja suaranya. perbaiki lagi maleo, bikin sound effect 3d biar lebih keren",POSITIF
5,"Ni game baguss banget parah, buat game mobile bis simulator menurut saya ini paling baik daripada yg lain. Tapi ada kurangnya, game nya jadi agak suram sama horror kalo lagi malem malem terus hujan. Kalo bisa fitur cuaca nya bisa dipilih, bisa aktif atau enggak, Keseringan hujan soalnya. Trus pas hujan ada orang yg minta naek bis juga lagi. Dan kalo bisa untuk daerah jakarta ke cirebon sampe semarang. Kotanya harus lebih bervariasi sama agak beda. Jalan nya juga dibikin smoth jngan patah patah.",POSITIF
5,"Game nya bagus dan dari segi grafik juga bagus tapi saran gw untuk kendaraan lain selain kita (pada mode AKAP dan melayap) di beri liveri seperti dunia nyata Karena untuk mendownload obb saja mungkin untuk beberapa orang susah dan juga supaya lebih realistis, jadi mohon untuk updetan selanjutnya di tambah fitur ini.",POSITIF
5,"Game nya Bagus BangetğŸ˜. Tapi tolong setelah update nanti untuk grafik dipercantik lagi, untuk iklan dihilangkan dan untuk Trafiknya di perbanyak lagi supaya tambah bagus dan seru dan kalo bisa disetiap perumahan dikasih warga (orang) supaya tidak sepi ketika melintas dan saya saranin jalanya dibikin agak rusak dan berlubang supaya lebih menantang. jadi intinya kalo udah Update V.3.7 lebih bagus lagi dari yang sekarang iniğŸ™ğŸ™",POSITIF
4,"Sedikit saran, mungkin untuk update lebih baik bertahap agar tidak terlalu lama menunggu karena akan membuat bosan player. Untuk update tahunan mungkin seperti grafik atau tambah kota, dan ya minimal update setiap bulan perihal aksesoris yang belum ada agar player tidak perlu memakai kodename untuk menghias busÂ² yang digunakannya. Sekian terimakasih..",POSITIF
1,"Makin lama makin banyak bug, bug loading map, bug livery, bug hujan, dll. Tolong diperbaiki semua bug tersebut dan satu lagi, kurangi iklan nya!! Masa setiap loading map iklan teruss, menurutku kebanyakan iklan ini lah yang membuat bussid banyak bug.",NEGATIF
2,"Kurang update, kualitas kota dan desa kurang HD,Mobil nya kurang HD,Jalan nya kurang HD,Penduduknya gada,rumah nya dan desa nya kurang ramai,tambahin orang jalan kaki,jajan,berbelanja,ber istirahat,masih banyak bug,dan tambahin mobil mobil lain nya, jadi bosen liat itu itu terus, sekalian motor nya tambahin kurang banyak ga kaya Indonesia asli,gada macet macet nya,gada jalan pintas seperti lewat lumpur jalan becek gitu, sama rel kereta api nya,mohon di update besar besaranğŸ™",NEGATIF
3,"Gamenya bagus, cuma terlalu banyak iklannya, masa tiap ganti map iklan mulu, baru loading iklan lagi, boleh pakai iklan tapi tolong banget di kurangin ya, terutama pas ganti map, itu kalo iklan kadang suka nge bug, bus nya jadi item semua Makasih:)",NEGATIF
5,"Game yang sangat bagus dari grafik nya. Dan ingame sangat menarik.. tapi mohon di update Aplikasi ini supaya tidak ada iklan dan perbaiki loby menjadi hd 3 dimensi , loby full LED.. supaya menarik dilihatnya...",POSITIF
4,"Game ini sangat seru, tapi,tolong agak diperbaiki dan tambah kan peta lain dan tolong untuk mabar bisa pakai mod dan saat matikan mesin,lampu segitiga tetap hidup dan lampu yang ada di jalanan agak dikurangi agar saat berkendara lebih seru.dan saat ingin Jalan selanjutnya tolong jangan loading map ok",POSITIF
3,"Saranku untuk developer,. di dalam inGame nya baik mode narik, mabar, & ngeblong agar di tambahkan fitur Open mini Map pada GPS nya, walaupun hal sepele, namun pada fitur tersebut sangat di perlukan untuk mengetahui baik posisi kita sendiri atau pemain yg lain ny, terutama pada mode Mabar,. tidak sedikit pemain yg disesatkan rute tujuan ny oleh GPS itu sendiri. Mohon di perbaiki mini Map nye yee....",NEGATIF
4,"Semoga map nya lebih lengkap ,dan bis bukan mod di tambah ,bisa makan ,kalau belum ,minimal di satu rumah makan setiap perjalanan dan penupang juga makkan ( supir nya gratis) , kalau naik kapal kapalnya yang keluarnya beda pintu banyak kendaraan lain berebut keluar , kalai mobil kecil naik dan penumpang turun ,bisa liat perjalanan ,ada kerumunan dan keneknya mengatakan tujuan misal (jakarta 2) dan kenek nya bisa turun di kendalikan otomatis bukan ngikut pintu, penumpang keliatan duduk dan dll",POSITIF
3,"Gamenya udah bagus, tapi ada bug, pada saat pemasangan mod. Saya mau pasang mod tapi kenapa saat saya meng klik tambah, tidak bisa menambahkan modnya malah gambar2 uang saya semua hilang. Tolong di fix bugnya maleoğŸ™",NEGATIF
4,Game nya sangat bagus sekali oh iya tolong kepada pihak Developer perbaiki lagi ini ada dikit salah ya ya itu yang ke (1) game nya patah patah mulu grapik nya ya yang ke (2) tolong tambahkan lagi mode.... ketika mau mobil nya berhenti tuh harus bisa di matiin dong ya ada tombol nya juga ya oh iya tolong dong yang ke (3) tambahkan lagi peta map nya ya seperti bandung aceh yogyakarta subang bekasi dan lainnya ya tolong kepada pihak Developer perbaiki lagi (segitu dulu dari saya ulasan nya ya ok,POSITIF
1,"Progess ga ke save, udah narik sampe sekitar 500rb pas login lagi duitnya kembali seperti semula pas baru di instal, tolong pihak maleo di perbaiki bugnya, sudah coba login pake akun fb juga tetep sama aja. Masa sudah capekÂ² narik uangnya gak ke save. Jangan update yg gedeÂ² dulu, bug yg kecil ini sangat mengganggu. Tolong di perbaiki. Terimakasih",NEGATIF
4,"game nya udah bagus, tpi ada kekurangannya yaitu, setiap loading map ,pasti ada iklan mulu jadi kesel ,terus pas kita udah login terus keluar eeh login nan nya ngilang tolong yaa untuk developper nyaa diperbaiki lagi agar tidak ada bug seperti ini lagi",POSITIF
3,"Hai develover, Game nya bagus dari grafik sama tempat nya, tapi ada bug paling ngeselin,gambar bis nya hitam semua sama pas kalo lagi pake kamera 2hitam semua gk bisa liat,dan bug nya yg paling ngeselin kalo udah beli lampu pas dicoba itu gk nyala tolong di perbaiki kalo sudah di perbaiki ku kasih bintang 5",NEGATIF
5,"klo update tolong kasi music min, ibaratnya kita bisa nyalain lewat radio lewat koneksi wifi, atau paket data. kan ini game online benerr kan .. di euro truck simulator aja ada , lewat radio lewat koneksi wifi dan paket dataa lohh klo gk percaya cobaa sendiri .. teruss jangan lupa update posisi kursi sesuai keinginan kitaa , biar bisa lihat kanan kiri, soalnya mau lihat ke kanan ke kiri terhalang, jadi gk kelihatan ada mobil lewatt, waktu kita tolah toleh kanan kirii ...",POSITIF
5,"Game nya udah ok lah tapi aku punya permintaan : - Mod map kaya ets2 - Terus Kaya mod kendaraan nya juga bisa di custom Strobo , kepet dan dll - Kotanya tambahin Bandung , Bogor ,Tasikmalaya, Madiun , Banyuwangi dan Bali ğŸ˜„ğŸ™ğŸ™ (Edit : tolong diperbaiki masalah patah2 / frame drop device saya tidak penuh tapi patah2 tolong diperbaikiğŸ™",POSITIF
3,"Gamenya sudah bagus untuk bug nya lumayan hampir tidak ada bug, tetapi untuk developer mohon untuk menambahkan beberapa kota lagi yang baru dan menambah beberapa kendaraan yang baru. Untuk lainnya sudah bagus tetap semangat.....",NEGATIF
5,"Smua nya uda cukup, tapi.. Ada saran saya untuk tambah kan maps dari sabang sampai maraoke , bus"" Di tambahin lagi acc modif & di setiap perjalanan ada gangguan dalam perjalanan, jalur kereta api, bahkan jalan yanh berlobang & berlumpur , grafik di lebih detail kan lagi supaya setiap perjalan mau jalan berlubang dan berlumpur terhilat maca asli di dunia nyata.. Pasti nya para player nya tambah semangat dan betah main di game ini, semoga saran saya di kabulkan, amin...",POSITIF
5,"Dari sekian banyak game bus simulator yg ada, cuma bus simulator indonesia yg terbaik, dari segi grafiknya bayangan dan rute perjalanan dan jalan yg sangat mirip seperti jalan asli, bagaikan nyata. Luar biasa terus di kembangkan lagi. Kalau bisa rute nya di tambah lagi sampai aceh dan seluruh provinsi yg ada di indonesia...",POSITIF
5,"Bussid banyak bug nya, suka error pula..apalagi kalo lagi mabar terus loading mulu, bikin ga mood..penghasilan narik juga ga seimbang sama durasi narik yg sampe puluhan menit..kadang kalo error bus nya suka melayang kalo nggak nanti pas main bus nya jadi hitam,dan seharusnya dalam mode mabar tiap user yg sampai terminal harusnya dapet penghasilan juga biar ga bosen bosen amat..updatenya juga lama bgt ga kelar kelar",POSITIF
4,"Maleo Ini gamenya bagus ya, tapi kenapa gak gw kasih bintang lima karena, penumpang saat masuk ke dalam bus kok gak ada orangnya kek langsung ilang gitu, mohon ya maleo untuk diperbaiki lagi untuk lainnya udh sempurna tapi, ada kekurangan ya itu tadi penumpang kok tibaÂ² hilang gitu, tolong diperbaiki lagi pasti bagus lagi kalo keliatan penumpang nya yg ada didalam bus biar lebih keren sama tolong dong tambah kan strobo bagian belakang lebih banyak sam strobo yang didepan. Terima kasih ğŸ™",POSITIF
5,Game nya sudah bagus sekali terimaksih. Namun selama saya bermain game ini kekurangan juga ada. Map nya kurang masih belom semua indonesia masuk. Dan tolong setiap perpindahan map nya jangan iklan. Klau bisa itu jalan jangan ada perpindahan lgi. Langsung kan aja jalan mya dari semua daerah. Dan tolong di buatse realistis sebisa mungkin agar kami pemain dapat lama memainkan game ini. Dan tolong orang2 di upgrade juga beri fariasi yang lain. Terimaksih,POSITIF
5,"Game nya bagus sekali mod nya juga bagus sekali meskipun kalok ambil ceperan itu harus pake iklan mod truk nya bisa oleng ada berbagai janis truk dan mobil dan motor,kalo maleo tambahkan mod yang bisa di modifikasi itu akan keren pasti aku main terus tapi aku tidak lupa ngerjain PR,dan belajar,kalo maleo ngilangin loding map akan lebih ğŸ˜ğŸ‘",POSITIF
5,"game terbaik buatan indonesia. masalah grafik gak perlu di pertanyakan. di lengkapi dengan ada nya fitur mod, cuman kendalanya yg perlu di perbaiki maleo, * Masih adanya bug di tiap map, * Kendaraan yg selalu rem mendadak. * Terus Penumpang tidak ada di dalam bus, ğŸ˜‚ Itu aja, ku kasih bintang 5 supaya lebih baik kedepan.",POSITIF
5,"Game nya bagus sih, cuma.. Ya harus butuh waktu lama buat cari duit dengan mode narik yang harus sering terhenti-henti buat narik penumpang yang sangat mengulur waktu. Dan sepertinya lebih efektif dengan adanya mode akap yang sekali penaikan penumpang di terminal. Jadi lumayan lebih menyingkat waktu dan memuaskan saat bermain game ini. Ataupun bisa efektif juga dengan menggunakan mode pariwisata asalkan dengan hasil pendapatan yang mumpuni secara perhitungan waktu dan jarak",POSITIF
5,untuk saya game simulator ini cukup baik tapi kekurangan nya ada di penumpang kalo menurut saya lebih baik semua penumpang di kumpulkan saja di terminal keberangkatan sama kalo mau mengambil penumpang lebih baik keluar tol saja. Tolong di upgrade di tol kalo bisa seperti real di tambah juga rest area nya. Kalau bisa setiap rest area konsep nya berbeda,POSITIF
4,"Gamenya bagusğŸ‘,tapi menurutku msh ada bug-nya di game ini yaitu di bug lalu lintas/persimpangan: itu bisanya macet, ada kecelakaan/tabrakan antar kendaraan di lalu lintas,terutama di perempatan,kecuali di lalu lintas kota. Trs ada bug di motor: yaitu motor biasa nya berhenti sendiri/mogok di jalan mengakibatkan macet. Udah itu saja bug yg pernah sy alami saat main bussid,mungkin itu saja ulasan dari sy,semoga kedepan nya bisa di perbaiki lagi.mhn maaf bila ada slh kata sekian Terima kasihğŸ™",POSITIF
5,"Bangga Ama ini game. Game Indonesia yg berkembang, dari segi map, grafis, gameplay, semuanya di kembangkan. Tapi kekurangan nya yg saya kurang suka adalah? Knp kalau Setiap loading map harus ada iklan Mulu, Jadi menurut saya gak usah ada iklan setiap loading map, jadi iklan nya mindahin pas awal loading narik nya. Mau 2 iklan atau 3. Gak apa apa. Yg penting jgn mengganggu gameplay loading map. Itu aja. Semoga Di Baca. BUSSID Game The Best In Indonesia",POSITIF
5,"Mungkin kontrol & gerakannya bisa lebih smooth lagi seperti Bus Simulator Ultimate dari Zuuks game agar mainnya lebih nyaman lagi,dan saya harap untuk developer agar fokus untuk mengembangkan lagi map nya agar lebih bervariasi tidak itu2 aja karena untuk fitur yg lain saya rasa sudah cukup, karena jujur saya main bussid gak sampai 10 menit sudah bosen apalagi kalau narik dr semarang - merak yg pemandangan, kota, dan jalannya sama semua, mungkin itu aja mudah2an bisa di terima",POSITIF
4,Bintang 4 dulu yah... Nanti kalo update yang lebih bagus nanti saya kasih bintang 5... Saran saya di luasin lagi kota-kota tambahin... bus nya lagi agar lebih banyak... Dan perbaiki bug-bug yang masih ada sangat menggangu sekali kalo ada masih ada bug nya... Tapi untuk segi control udh nyaman dan untuk grafik ya Lumayan lah... Saran tambahin kota nya aja biar ga bosen main nya dan jangan iklan Mulu setiap main... Mungkin segitu aja makasih developer ğŸ™ğŸ‘,POSITIF
5,"Gamenya sudah sangat bagus, grafik ok. Namun ada kejanggalan pada penumpang bus, begitu naik .. koq hilang kaya hantu, trus ketika turun langsung diam jadi patung, coba lebih real lagi kah...Dan satu lagi untuk map perjalanan kenapa harus loading melulu. Coba untuk map perjalanan satu kali download jadi tidak loading map terus supaya lebih nyaman dan menyenangkan. Selebihnya untuk game ini ok BGTğŸ‘ğŸ‘ğŸ‘ğŸ‘ğŸ‘",POSITIF
4,"Tolong di perbaiki setiap loading map ada iklan di mode narik kadang suka patah-patah padahal koneksi bagus, terus abis itu jadi ngebug penumpang nya jadi gelap, lampunya juga jadi aneh, hujannya juga gk muncul.. itu aja semoga cepat diperbaiki",POSITIF
5,"Games ny bagus banget,tapi tolong tambahin mapÂ² lain yg benerÂ² banyak banget seperti provinsi dan kabupaten,dan tambahin juga seperti:pejalan kaki,bandara,pelabuhan,stasiun kereta,grafis ny dibuat seperti asli lagi,jika kita memakai mod mobil tolong suara rem ny untuk tidak ada suarany,DLL TRIMAKASIHğŸ¥°ğŸ‘ğŸ»ğŸ™ğŸ»",POSITIF
5,"Ini game bagus sekali, bisa dipasang mod juga, tapi tolong tambahkan pejalan kaki/orang yang lagi beraktivitas supaya terkesan lebih hidup kotanya terus kalau bisa tolong tambahkan pohon yang agak banyak supaya kesan alamnya terasa dan tambahkan hewan sih kalau bisa, sekian dari saya dan terimakasih kepada developer game ini kalau membaca/memikirkan saran saya,sekian.",POSITIF
5,"Gamenya bagus, menarik, dan kreatif, saya kasih rating full star, tolong untuk di tambahkan lagi fitur2nya seperti kejar penumpang pada multiplayer, kemudian tambahkan lagi beberapa kendaraan lain yang lalu lalang seperti mobil motor truk dan lain lain, kalo bisa tambah dengan pejalan kakinya juga seperti realnya yang ada di indonesia, dan juga yang lebih penting tambahkan routenya lagi, kalo bisa menyebar keseluruh wilayah seperti tujuan ke kalimantan karna saya orang kalimantan, terima kasihğŸ™",POSITIF
5,"buat developer,bisa upgrade tombol gas dijadiin throtel ngga ya?biar enak aja kalo pengen nge gas,jadi ga langsung limit,bisa nyantai.tambahin mode PATAS biar ga berhenti mulu kalo di jalan.panjangin lagi jalan tol nya.update jalan sama grafik sih udah bagus,tapi tambahin pemandangan sekitar dong Om. sama tambahin pengaturan tombolÂ² biar bisa di custom sendiri letaknya.tambahin toko atau warkop mungkin,biar kalo si supir lg keluar dr bis jalan kaki, biar bisa ngopi gitu kan asik.",POSITIF
4,"Tambahkan lampu di dalam bus/kendaraan/mod. Tambahkan lagi kota kita yang ada di indonesia, misalnya kota Medan. Tambahkan kualitas grafis : bayangan lebih diperhalus, hujan lebih realistis, dan kualitas tekstur juga perlu di tingkat kan.............................................................................................. (Game nya bagus! Tapi masih banyak lagi yang harus di tingkatkan!!!!)...................................................................................................",POSITIF
5,"Game bagus. Cuman ada yg kurang contoh: grafik HD tambahan map trs tambah fitur tapi dah oke og. Cuman sy minta tolong perbaiki lagi agar tdk ada BUG, Gampang keluar trs, Livery Bug menjadi ungu. Yg penting game nya bagus makasih MALEOğŸ‘ğŸ».",POSITIF
2,"Mohon di perbaiki terdapat banyak bug di saat pergantian map akibat iklan padahal ram hp sya masih banyak. Terlalu sering bayangan mobil menjadi hitam dan tidak dapat melihat aksesoris mobil seperti lampu dan lain2, akibat pergantian map yg di sertai iklan2 panjang.",NEGATIF
5,"Gamenya sudah bagus, grafik agak kurang bagus jadi mohon dikasi grafik ULTRA HD, untuk map tolong tambah kan bali,medan. Ohya yang paling penting menurut saya adalah mengupdate kotaÂ² lama yg ada di pantura(pantai utara)jawa,cuma segitu doank sih yang saya impikan dalam bussid ohya satu kali lagi yang kurang adalah disaat berada dikota kota besar seperti Jakarta,Surabaya,Semarang itu lalu lintasnya dibuat ramai agar terjadi kemacetan yang sangat realistis. Cuma segitu aja sih menurut aku, Thank's",POSITIF
5,"Gamenya keren. Grafiknya juga udah cukup bagus. Tinggal perbanyak traffic sama map nya aja sih... Terutama map jawa tolong dirombak dibuat seperti map sumatera yg bangunan dan jalannya berkelok kelok, contoh aja diberi tol trans jawa.. Teruss didalam game nya kita bisa klik buka petunjuk jalannya supaya kita tau kita sudah sampai mana.. Udah sih gitu aja..",POSITIF
5,"Gameplay game nya bagus dan graphic nya juga bagusğŸ¥°, mungkin yang kurang tempat nya kalo bisa di sama kan seperti asli nya, dan tambah lagi map baru/lokasi baru. Satu lagi ada bug tampilan nya tiba tiba hitam tapi bisa di atasi dengan keluar dulu game nya baru masuk lagi. Tolong di fix bug nya ğŸ™ğŸ˜¥",POSITIF
5,"Untuk update selanjutnya jangan lupa ditamabahin lagi mapnya seluruh kota di Indonesia, dan kita bisa makan, tidur, kendaraannya ditambahin, ada pejalan kaki, kalau narik diterminal langsung jadi gausah berhenti ,terus grafiknya dimiripin sedikit kayak ets,dan kita bisa buat SIM ,kendaraan yang lain bisa nyalip dan kendaraan yang lain bisa cepat ,ada razia,ada macet,ada kecelakaan,kalau kita nabrak kendaraan nya bisa lecet penyok atau rusak, dan ada bengkel nya, dll",POSITIF
5,"Untuk gamenya sendiri sudah bagus banget walaupun ada beberapa kekurangan seperti efek aspal saat hujan (mohon tambahkan efek becek seperti yang ada di game truckers of europe, mohon tambahkan mode akap dan pariwisata (saya juga ingin ada mode busway dan tambahkan buswaynya juga, mohon tambahkan juga mapÂ² lainnya agar dapat merasakan citra rasa Indonesia.... Sekian dari saya, semoga Maleo membaca komentar saya, terima kasih. ğŸ™ğŸ™ğŸ™ğŸ˜‡",POSITIF
3,"Makin lama game nya makin rudet! Mana iklan nya kebanyakan lagi, tolong kepada developer nya iklan nya dikurangin dong, masa setiap ganti map, ikla dulu... Setiap mau bayar dan di terminal, iklan dulu, tolong jangan berlebihan dong developer Itu saja masukannya terimakasih",NEGATIF
